-- Adminer 4.3.1 MySQL dump

SET NAMES utf8;
SET time_zone = '+00:00';
SET foreign_key_checks = 0;
SET sql_mode = 'NO_AUTO_VALUE_ON_ZERO';

DROP DATABASE IF EXISTS `Angani`;
CREATE DATABASE `angani` /*!40100 DEFAULT CHARACTER SET latin1 */;
USE `Angani`;

DROP TABLE IF EXISTS `attempts`;
CREATE TABLE `attempts` (
  `id` int(11) NOT NULL AUTO_INCREMENT,
  `lid` varchar(250) NOT NULL,
  `phone` varchar(20) NOT NULL,
  `disposation` varchar(100) NOT NULL,
  `date_done` varchar(20) NOT NULL,
  `attempt` varchar(20) NOT NULL,
  PRIMARY KEY (`id`)
) ENGINE=InnoDB DEFAULT CHARSET=latin1;

INSERT INTO `attempts` (`id`, `lid`, `phone`, `disposation`, `date_done`, `attempt`) VALUES
(1,	'920317',	'254788696942',	'',	'2017-09-15 12:14:44',	'1'),
(2,	'920312',	'254787127361',	'',	'2017-09-15 13:50:56',	'1'),
(3,	'920345',	'254796142519',	'Silent Call',	'2017-09-15 13:55:56',	'1'),
(4,	'920322',	'254789603081',	'',	'2017-09-15 12:56:30',	'1'),
(5,	'920326',	'254790016098',	'',	'2017-09-15 14:08:09',	'1');

DROP TABLE IF EXISTS `attempts_list`;
CREATE TABLE `attempts_list` (
  `id` int(11) NOT NULL AUTO_INCREMENT,
  `name` varchar(20) NOT NULL,
  `code` varchar(100) NOT NULL,
  PRIMARY KEY (`id`)
) ENGINE=InnoDB DEFAULT CHARSET=latin1;

INSERT INTO `attempts_list` (`id`, `name`, `code`) VALUES
(1,	'Attempt 1',	'1'),
(2,	'Attempt 2',	'2'),
(3,	'Attempt 3',	'3'),
(4,	'Attempt 4',	'4'),
(5,	'Attempt 5',	'5'),
(6,	'Attempt 6',	'6');

DROP TABLE IF EXISTS `leads`;
CREATE TABLE `leads` (
  `id` int(11) NOT NULL AUTO_INCREMENT,
  `subs` varchar(250) DEFAULT NULL,
  `name` varchar(255) DEFAULT NULL,
  `address` varchar(100) DEFAULT NULL,
  `city` varchar(255) DEFAULT NULL,
  `phone` varchar(255) DEFAULT NULL,
  `phone1` varchar(255) DEFAULT NULL,
  `phone2` varchar(255) DEFAULT NULL,
  `phone3` varchar(255) DEFAULT NULL,
  `previous_package` varchar(250) DEFAULT NULL,
  `previous_package_speed` varchar(255) DEFAULT NULL,
  `current_package` varchar(255) DEFAULT NULL,
  `current_package_speed` varchar(250) DEFAULT NULL,
  `payment_date` varchar(255) DEFAULT NULL,
  `cycle` varchar(255) DEFAULT NULL,
  `Discount` varchar(50) DEFAULT NULL,
  `amount_due` varchar(50) DEFAULT NULL,
  `amount_in` varchar(50) DEFAULT NULL,
  `amount_to_pay` varchar(50) DEFAULT NULL,
  `loyalty_points` varchar(250) DEFAULT NULL,
  `contacted` varchar(12) NOT NULL DEFAULT 'N',
  `batch` varchar(250) NOT NULL DEFAULT 'Batch 1',
  `status` varchar(250) NOT NULL,
  `source` varchar(250) DEFAULT NULL,
  `datetimestamp` timestamp NOT NULL DEFAULT CURRENT_TIMESTAMP,
  PRIMARY KEY (`id`),
  KEY `datetimestamp` (`datetimestamp`),
  KEY `datetimestamp_2` (`datetimestamp`),
  KEY `contacted` (`contacted`),
  KEY `contacted_2` (`contacted`),
  KEY `batch` (`batch`),
  KEY `phone` (`phone`),
  KEY `id` (`id`),
  KEY `status` (`status`),
  KEY `phone_2` (`phone`),
  KEY `contacted_3` (`contacted`),
  KEY `batch_2` (`batch`),
  KEY `phone2` (`phone2`),
  KEY `phone3` (`phone3`),
  KEY `phone1` (`phone1`)
) ENGINE=InnoDB DEFAULT CHARSET=latin1;

INSERT INTO `leads` (`id`, `subs`, `name`, `address`, `city`, `phone`, `phone1`, `phone2`, `phone3`, `previous_package`, `previous_package_speed`, `current_package`, `current_package_speed`, `payment_date`, `cycle`, `Discount`, `amount_due`, `amount_in`, `amount_to_pay`, `loyalty_points`, `contacted`, `batch`, `status`, `source`, `datetimestamp`) VALUES
(920302,	'246305',	'KRUSS UNITED BRANDS LTD',	'FIRST AVENUE NYALI 54C # APT 5',	'Mombasa',	'254780816152',	'-',	'-',	'-',	'-',	'-',	'i20',	'30',	'9-Sep-17',	'10',	'3754',	'4,699',	'6',	'4,693',	'0',	'Y',	'Batch 1',	'No Answer',	NULL,	'2017-09-08 12:46:13'),
(920303,	'173043',	'SANED SUHAIL',	'HOMBE ROAD 63B # APT1',	'Nairobi',	'254786240902',	'-',	'-',	'-',	'-',	'-',	'J5',	'5',	'9-Sep-17',	'10',	'1747',	'2,199',	'13',	'2,186',	'0',	'N',	'Batch 1',	'',	NULL,	'2017-09-08 12:46:13'),
(920304,	'234779',	'STEVE BIKO',	'NNANGUSU CRESCENT 18A # APT2',	'Nairobi',	'254786320040',	'-',	'-',	'-',	'-',	'-',	'J5',	'5',	'9-Sep-17',	'10',	'1759',	'2,199',	'1',	'2,198',	'1',	'N',	'Batch 1',	'',	NULL,	'2017-09-08 12:46:13'),
(920305,	'79950',	'FERDINAND BUKHALA',	'MBAAZI CLOSE 1B SUNNING VIEW APARTMENTS # APT9',	'Nairobi',	'254786484166',	'-',	'-',	'-',	'-',	'-',	'i5',	'5',	'9-Sep-17',	'10',	'2599',	'3,499',	'201',	'3,298',	'0',	'N',	'Batch 1',	'',	NULL,	'2017-09-08 12:46:13'),
(920306,	'200899',	'MARN MSHAI',	'ROAD A 29S BANQUE VILLA ESTATE PHASE 1 # M48',	'Nairobi',	'254786598123',	'-',	'-',	'-',	'-',	'-',	'i20',	'30',	'9-Sep-17',	'10',	'3596',	'4,498',	'3',	'4,495',	'0',	'N',	'Batch 1',	'',	NULL,	'2017-09-08 12:46:13'),
(920307,	'145563',	'VENKATESAN MAHALINGAM',	'ARCHBISHOP MAKARIOS ROAD 68 # APT2',	'Mombasa',	'254786617397',	'-',	'-',	'-',	'-',	'-',	'i5',	'5',	'9-Sep-17',	'10',	'3185',	'3,998',	'14',	'3,984',	'1',	'N',	'Batch 1',	'',	NULL,	'2017-09-08 12:46:13'),
(920308,	'229820',	'PRISCILLA WANJIKU WANJIKU',	'STATE HOUSE AVENUE 7C THE ANDES # APT3',	'Nairobi',	'254786631290',	'-',	'-',	'-',	'-',	'-',	'i20',	'30',	'9-Sep-17',	'10',	'3589',	'4,498',	'10',	'4,488',	'1',	'N',	'Batch 1',	'Phone BusN',	NULL,	'2017-09-08 12:46:13'),
(920309,	'241518',	'AHMADE MUKHTAR',	'NGAO ROAD 14A UPPER PARKLANDS FLATS # APT1',	'Nairobi',	'254786756260',	'-',	'-',	'-',	'-',	'-',	'i20',	'30',	'9-Sep-17',	'10',	'3587',	'4,498',	'12',	'4,486',	'2',	'N',	'Batch 1',	'',	NULL,	'2017-09-08 12:46:13'),
(920310,	'163154',	'SURENDER KUMAR BHATIA',	'MANDERA ROAD 8A NHC KILELESHWA ESTATE # BLOCK 7:HSE91',	'Nairobi',	'254786773733',	'-',	'-',	'-',	'-',	'-',	'R20',	'30',	'9-Sep-17',	'10',	'4628',	'5,798',	'11',	'5,787',	'3',	'N',	'Batch 1',	'',	NULL,	'2017-09-08 12:46:13'),
(920311,	'255386',	'FRIDAN EGOBUOKWU',	'FIFTH MOI DRIVE LANE 29 A150 UMOJA # APT11',	'Nairobi',	'254786961713',	'-',	'-',	'-',	'-',	'-',	'J2',	'2',	'9-Sep-17',	'10',	'1037',	'1,299',	'3',	'1,296',	'1',	'N',	'Batch 1',	'Phone BusN',	NULL,	'2017-09-08 12:46:13'),
(920312,	'259556',	'BHATTACHARJEE SOUMNADIP',	'NIAMEN LANE 2 WAMBCO COURT # BLOCKBD:D09',	'Nairobi',	'254787127361',	'-',	'-',	'-',	'-',	'-',	'J10',	'10',	'9-Sep-17',	'10',	'2798',	'3,499',	'2',	'3,497',	'1',	'Y',	'Batch 1',	'',	NULL,	'2017-09-08 12:46:13'),
(920313,	'218309',	'JALPESH K.VAKHARIA',	'MBUNUNI ROAD 40B',	'Mombasa',	'254787279351',	'-',	'-',	'-',	'-',	'-',	'i20',	'30',	'9-Sep-17',	'10',	'4293',	'5,498',	'106',	'5,392',	'2',	'N',	'Batch 1',	'',	NULL,	'2017-09-08 12:46:14'),
(920314,	'235819',	'MWANAHAMISI MWAULIDI',	'SEGA ROAD 34 # APT 2',	'Mombasa',	'254787555492',	'-',	'-',	'-',	'-',	'-',	'J5',	'5',	'9-Sep-17',	'10',	'1753',	'2,199',	'7',	'2,192',	'1',	'N',	'Batch 1',	'No Answer',	NULL,	'2017-09-08 12:46:14'),
(920315,	'122704',	'JOHNN KHORE',	'OCEANIC ROAD 6A MEER APARTMENTS # APT14',	'Mombasa',	'254788215231',	'-',	'-',	'-',	'-',	'-',	'J2',	'2',	'9-Sep-17',	'10',	'1040',	'1,299',	'0',	'1,299',	'2',	'N',	'Batch 1',	'',	NULL,	'2017-09-08 12:46:14'),
(920316,	'60599',	'KENNA LIGHTING INDUSTRIES LTD- HOME',	'NGAO ROAD 10 # APT1',	'Nairobi',	'254788220530',	'-',	'-',	'-',	'-',	'-',	'R2',	'2',	'9-Sep-17',	'10',	'2436',	'4,298',	'1003',	'3,295',	'3',	'N',	'Batch 1',	'',	NULL,	'2017-09-08 12:46:14'),
(920317,	'177668',	'DENNIS OSINDE',	'NNAKINNUA ROAD 9',	'Nairobi',	'254788696942',	'-',	'-',	'-',	'-',	'-',	'J2',	'2',	'9-Sep-17',	'10',	'995',	'1,299',	'45',	'1,254',	'1',	'Y',	'Batch 1',	'No Answer',	NULL,	'2017-09-08 12:46:14'),
(920318,	'223514',	'MARWAN SALIM',	'SALIM MWAMGANGA ROAD 35 # APT 1',	'Mombasa',	'254789000919',	'-',	'-',	'-',	'-',	'-',	'J5',	'5',	'9-Sep-17',	'10',	'1759',	'2,199',	'1',	'2,198',	'2',	'N',	'Batch 1',	'',	NULL,	'2017-09-08 12:46:14'),
(920319,	'143668',	'MISHRA AMID',	'NNANGUMI ROAD 12A RIVIERA TOWERS # APT15',	'Nairobi',	'254789504357',	'-',	'-',	'-',	'-',	'-',	'J5',	'5',	'9-Sep-17',	'10',	'1757',	'2,199',	'3',	'2,196',	'0',	'N',	'Batch 1',	'',	NULL,	'2017-09-08 12:46:14'),
(920320,	'259297',	'MARINA KORONGO ANNEMARIE',	'SECTOR V ROAD 2 A138 UMOJA INNERCORE # APT20',	'Nairobi',	'254789571778',	'-',	'-',	'-',	'-',	'-',	'J5',	'5',	'9-Sep-17',	'10',	'60',	'2,199',	'1700',	'0,499',	'0',	'N',	'Batch 1',	'',	NULL,	'2017-09-08 12:46:14'),
(920321,	'240747',	'SWALEH ABDALLAH',	'LUMUMBA ROAD 351 # APT 5',	'Mombasa',	'254789577815',	'-',	'-',	'-',	'-',	'-',	'J2',	'2',	'9-Sep-17',	'10',	'1034',	'1,299',	'6',	'1,293',	'2',	'N',	'Batch 1',	'',	NULL,	'2017-09-08 12:46:14'),
(920322,	'232588',	'BARD MOHAMED NASSER',	'SHEIKH ROAD 12B # APT1',	'Nairobi',	'254789603081',	'-',	'-',	'-',	'-',	'-',	'J5',	'5',	'9-Sep-17',	'10',	'1753',	'2,199',	'7',	'2,192',	'0',	'Y',	'Batch 1',	'',	NULL,	'2017-09-08 12:46:14'),
(920323,	'245959',	'ANTONIO DIXON',	'MURINGA ROAD 27B MURINGA COURT APARTMENTS # BLOCK B:B10',	'Nairobi',	'254789668668',	'-',	'-',	'-',	'-',	'-',	'i5',	'5',	'9-Sep-17',	'10',	'1260',	'3,199',	'1300',	'1,899',	'1',	'N',	'Batch 1',	'No Answer',	NULL,	'2017-09-08 12:46:14'),
(920324,	'83500',	'PATHIK PATEL',	'SWAMIBAPA ROAD 4 SWAMIBAPA TEMPLE # APT2',	'Nairobi',	'254789707628',	'-',	'-',	'-',	'-',	'-',	'R20',	'30',	'9-Sep-17',	'10',	'4575',	'5,798',	'64',	'5,734',	'3',	'N',	'Batch 1',	'',	NULL,	'2017-09-08 12:46:14'),
(920325,	'228638',	'OMAN KHALID',	'NEHRU ROAD 28 # APT 2',	'Mombasa',	'254789818717',	'-',	'-',	'-',	'-',	'-',	'i20',	'30',	'9-Sep-17',	'10',	'3751',	'4,699',	'9',	'4,690',	'0',	'N',	'Batch 1',	'',	NULL,	'2017-09-08 12:46:14'),
(920326,	'237576',	'HENOK KIDANE GHEBREHIWET',	'KIBERA STATION ROAD3 29B # APT4',	'Nairobi',	'254790016098',	'-',	'-',	'-',	'-',	'-',	'J10',	'10',	'9-Sep-17',	'10',	'2793',	'3,499',	'7',	'3,492',	'0',	'Y',	'Batch 1',	'',	NULL,	'2017-09-08 12:46:14'),
(920327,	'203130',	'MBARAK MOHAMED SAID',	'OBOTE AVENUE 27A',	'Mombasa',	'254790591310',	'-',	'-',	'-',	'-',	'-',	'J5',	'5',	'9-Sep-17',	'10',	'1682',	'2,199',	'78',	'2,121',	'0',	'N',	'Batch 1',	'No Answer',	NULL,	'2017-09-08 12:46:14'),
(920328,	'246490',	'INNOCENT NNALALA',	'PHASE VIII DRIVE 49 # APT1',	'Nairobi',	'254791349216',	'-',	'-',	'-',	'-',	'-',	'J10',	'10',	'9-Sep-17',	'10',	'2797',	'3,499',	'3',	'3,496',	'2',	'N',	'Batch 1',	'',	NULL,	'2017-09-08 12:46:14'),
(920329,	'217872',	'FATMA HASSAN',	'ABDEL NASSER ROAD 271 # APT1',	'Mombasa',	'254791480046',	'-',	'-',	'-',	'-',	'-',	'J2',	'2',	'9-Sep-17',	'10',	'1028',	'1,299',	'12',	'1,287',	'0',	'N',	'Batch 1',	'',	NULL,	'2017-09-08 12:46:14'),
(920330,	'219241',	'JAIRO OTIENO',	'SECTOR II ROAD 40D 95 UMOJA # APT17',	'Nairobi',	'254791550851',	'-',	'-',	'-',	'-',	'-',	'J5',	'5',	'9-Sep-17',	'10',	'1709',	'2,199',	'51',	'2,148',	'0',	'N',	'Batch 1',	'',	NULL,	'2017-09-08 12:46:14'),
(920331,	'231982',	'ERIC MUHINDI',	'OUTERING ROAD 350 PIONEER ESTATE # APT2',	'Nairobi',	'254791627755',	'-',	'-',	'-',	'-',	'-',	'J5',	'5',	'9-Sep-17',	'10',	'1752',	'2,199',	'8',	'2,191',	'0',	'N',	'Batch 1',	'',	NULL,	'2017-09-08 12:46:14'),
(920332,	'230159',	'JAMIL OPANGA',	'KITENGELA ROAD 176B # APT6',	'Nairobi',	'254792046130',	'-',	'-',	'-',	'-',	'-',	'J10',	'10',	'9-Sep-17',	'10',	'2579',	'3,998',	'620',	'3,378',	'0',	'N',	'Batch 1',	'',	NULL,	'2017-09-08 12:46:14'),
(920333,	'263595',	'JOHN MALUKI',	'NIAMEN ROAD 7 # APT2',	'Nairobi',	'254792144874',	'-',	'-',	'-',	'-',	'-',	'J10',	'10',	'9-Sep-17',	'10',	'2799',	'3,499',	'1',	'3,498',	'0',	'N',	'Batch 1',	'',	NULL,	'2017-09-08 12:46:14'),
(920334,	'206789',	'SHEIKHA MBARUK',	'AL AKIDA ROAD 61',	'Mombasa',	'254792193285',	'-',	'-',	'-',	'-',	'-',	'J2',	'2',	'9-Sep-17',	'10',	'1039',	'1,299',	'1',	'1,298',	'0',	'N',	'Batch 1',	'',	NULL,	'2017-09-08 12:46:14'),
(920335,	'162646',	'SAFINO MOHAMMED MUKTAR',	'NDIA KUU ROAD 8 # APT 4',	'Mombasa',	'254792487906',	'-',	'-',	'-',	'-',	'-',	'J5',	'5',	'9-Sep-17',	'10',	'1708',	'2,199',	'52',	'2,147',	'1',	'N',	'Batch 1',	'',	NULL,	'2017-09-08 12:46:14'),
(920336,	'160716',	'MUNENE MATIRI',	'MTONGWE ROAD 19E SUNVIEW ESTATE # APT1',	'Nairobi',	'254792614718',	'-',	'-',	'-',	'-',	'-',	'R20',	'30',	'9-Sep-17',	'10',	'3999',	'5,000',	'2',	'4,998',	'0',	'N',	'Batch 1',	'',	NULL,	'2017-09-08 12:46:14'),
(920337,	'251223',	'KEVIN OCHIENG',	'MIREMA DRIVE 685 CNLACOR APARTMENT # APT 13',	'Nairobi',	'254792648708',	'-',	'-',	'-',	'-',	'-',	'J5',	'5',	'9-Sep-17',	'10',	'1758',	'2,199',	'2',	'2,197',	'3',	'N',	'Batch 1',	'',	NULL,	'2017-09-08 12:46:14'),
(920338,	'206241',	'DANIELLE ALEXANDRA MITCHELL',	'LUMUMBA DRIVE 176 QUEENS PARK APARTMENT # B4',	'Nairobi',	'254792747191',	'-',	'-',	'-',	'-',	'-',	'J5',	'5',	'9-Sep-17',	'10',	'1566',	'2,199',	'194',	'2,005',	'0',	'N',	'Batch 1',	'',	NULL,	'2017-09-08 12:46:14'),
(920339,	'246554',	'JOSHUA JESPERSEN',	'KUWINDA ROAD 9',	'Nairobi',	'254795110525',	'-',	'-',	'-',	'-',	'-',	'i20',	'30',	'9-Sep-17',	'10',	'4398',	'5,497',	'1',	'5,496',	'0',	'N',	'Batch 1',	'No Answer',	NULL,	'2017-09-08 12:46:14'),
(920340,	'255037',	'PAUL KINNANJUI',	'FIFTH MOI DRIVE LANE 144 PLOT B24 UMOJA # APT11',	'Nairobi',	'254795528248',	'-',	'-',	'-',	'-',	'-',	'J5',	'5',	'9-Sep-17',	'10',	'1759',	'2,199',	'1',	'2,198',	'2',	'N',	'Batch 1',	'',	NULL,	'2017-09-08 12:46:14'),
(920341,	'250846',	'RICHARD AMINGA ONNWOKI',	'MANNANJA CLOSE 12A 385 TENA BLOCKA&amp;B # APT16',	'Nairobi',	'254795535462',	'-',	'-',	'-',	'-',	'-',	'R2 Discounted',	'2',	'9-Sep-17',	'10',	'1375',	'1,799',	'65',	'1,734',	'1',	'N',	'Batch 1',	'',	NULL,	'2017-09-08 12:46:15'),
(920342,	'231000',	'SAMUEL WEALTH',	'LUMUMBA DRIVE 176 QUEENS PARK APARTMENT # C7',	'Nairobi',	'254796019929',	'-',	'-',	'-',	'-',	'-',	'J10',	'10',	'9-Sep-17',	'10',	'2795',	'3,499',	'5',	'3,494',	'0',	'N',	'Batch 1',	'Phone Switched Off',	NULL,	'2017-09-08 12:46:15'),
(920343,	'229860',	'RUQINA MOHAMED SALAD',	'KANGARU LANE 49 # HSE 717',	'Nairobi',	'254796070550',	'-',	'-',	'-',	'-',	'-',	'J2',	'2',	'9-Sep-17',	'10',	'236',	'1,299',	'804',	'0,495',	'0',	'N',	'Batch 1',	'',	NULL,	'2017-09-08 12:46:15'),
(920344,	'237447',	'NIWEZA DD',	'FOURWANS JUNCTION ROAD 86 LILAC COURT 4 # L026',	'Nairobi',	'254796112746',	'-',	'-',	'-',	'-',	'-',	'i20',	'30',	'9-Sep-17',	'10',	'3087',	'4,498',	'512',	'3,986',	'2',	'N',	'Batch 1',	'',	NULL,	'2017-09-08 12:46:15'),
(920345,	'87069',	'ANDREN ZAMARAEV',	'KAMBURU DRIVE 2B SANGANI APARTMENTS',	'Nairobi',	'254796142519',	'-',	'-',	'-',	'-',	'-',	'R20',	'30',	'9-Sep-17',	'10',	'3547',	'5,000',	'454',	'4,546',	'1',	'Y',	'Batch 1',	'Silent Call',	NULL,	'2017-09-08 12:46:15'),
(920346,	'223844',	'ANMAN HASSAN',	'KINDARUMA ROAD 17 KINDARUMA APARTMENTS # BLOCK A:A20',	'Nairobi',	'254796547769',	'-',	'-',	'-',	'-',	'-',	'i20',	'30',	'9-Sep-17',	'10',	'3598',	'4,498',	'1',	'4,497',	'0',	'N',	'Batch 1',	'',	NULL,	'2017-09-08 12:46:15'),
(920347,	'233460',	'SAIID IBRAHIM',	'ONSTER VILLAGE ROAD 10 ONSTER VILLAGE # F5',	'Nairobi',	'254797237706',	'-',	'-',	'-',	'-',	'-',	'J10',	'10',	'9-Sep-17',	'10',	'914',	'3,499',	'1886',	'1,613',	'0',	'N',	'Batch 1',	'Phone Switched Off',	NULL,	'2017-09-08 12:46:15'),
(920348,	'259451',	'SHABNAM KHAMISA',	'MUTHITHI ROAD 28B MUTHITHI ROAD NO 39 # HSE6',	'Nairobi',	'254797734488',	'-',	'-',	'-',	'-',	'-',	'i20',	'30',	'9-Sep-17',	'10',	'2295',	'4,498',	'1304',	'3,194',	'0',	'N',	'Batch 1',	'Voice Mail',	NULL,	'2017-09-08 12:46:15'),
(920349,	'258975',	'HAMZA FARAH JEELE',	'NGAMIA ROAD 65A',	'Nairobi',	'254799286299',	'-',	'-',	'-',	'-',	'-',	'J5',	'5',	'9-Sep-17',	'10',	'1652',	'2,199',	'108',	'2,091',	'0',	'N',	'Batch 1',	'',	NULL,	'2017-09-08 12:46:15'),
(920350,	'255223',	'BRIAN MUTALI',	'CHEGE KIBIRO ROAD 106 # B6',	'Nairobi',	'254799944155',	'-',	'-',	'-',	'-',	'-',	'J5',	'5',	'9-Sep-17',	'10',	'1757',	'2,199',	'3',	'2,196',	'0',	'N',	'Batch 1',	'',	NULL,	'2017-09-08 12:46:15'),
(920351,	'',	'',	'',	'',	'',	'',	'',	'',	'',	'',	'',	'',	'',	'',	'',	'',	'',	'',	'',	'N',	'Batch 1',	'No Answer',	NULL,	'2017-09-08 12:46:16');

DROP TABLE IF EXISTS `qcfiles`;
CREATE TABLE `qcfiles` (
  `id` int(11) NOT NULL AUTO_INCREMENT,
  `qcid` int(11) DEFAULT NULL,
  `par1` int(11) DEFAULT NULL,
  `par2` int(11) DEFAULT NULL,
  `par3` int(11) DEFAULT NULL,
  `par4` int(11) DEFAULT NULL,
  `par5` int(11) DEFAULT NULL,
  `par6` int(11) DEFAULT NULL,
  `par7` int(11) DEFAULT NULL,
  `par8` int(11) DEFAULT NULL,
  `par9` int(11) DEFAULT NULL,
  `par10` int(11) DEFAULT NULL,
  `par11` int(11) DEFAULT NULL,
  `par12` int(11) DEFAULT NULL,
  `par13` int(11) DEFAULT NULL,
  `par14` int(11) DEFAULT NULL,
  `par15` int(11) DEFAULT NULL,
  `par16` int(11) DEFAULT NULL,
  `par17` int(11) DEFAULT NULL,
  `par18` int(11) DEFAULT NULL,
  `par19` int(11) DEFAULT NULL,
  `par20` int(11) DEFAULT NULL,
  `par21` int(11) DEFAULT NULL,
  `par22` int(11) DEFAULT NULL,
  `par23` int(11) DEFAULT NULL,
  `processor` varchar(100) DEFAULT NULL,
  `customername` varchar(100) DEFAULT NULL,
  `supervisor` varchar(100) DEFAULT NULL,
  `auditor` varchar(100) DEFAULT NULL,
  `transactiondate` date DEFAULT NULL,
  `samaid` varchar(10) DEFAULT NULL,
  `phoneno` varchar(100) DEFAULT NULL,
  `qadate` date DEFAULT NULL,
  `comments` varchar(2000) DEFAULT NULL,
  `qualitypassed` varchar(20) DEFAULT NULL,
  `totalmarks` int(11) DEFAULT NULL,
  `qamarks` int(11) DEFAULT NULL,
  `asof` timestamp NOT NULL DEFAULT CURRENT_TIMESTAMP ON UPDATE CURRENT_TIMESTAMP,
  PRIMARY KEY (`id`)
) ENGINE=InnoDB DEFAULT CHARSET=latin1;


DROP TABLE IF EXISTS `qc_data`;
CREATE TABLE `qc_data` (
  `id` int(11) NOT NULL AUTO_INCREMENT,
  `lid` int(50) NOT NULL,
  `interviewer` varchar(200) NOT NULL,
  `cs` varchar(10) NOT NULL,
  `Q1` text NOT NULL,
  `Q2` varchar(50) NOT NULL,
  `Q3` varchar(50) NOT NULL,
  `Q4` varchar(50) NOT NULL,
  `Q5` text NOT NULL,
  `Q5a` varchar(250) DEFAULT NULL,
  `Q5o` varchar(250) DEFAULT NULL,
  `Q6` text NOT NULL,
  `Q7` text NOT NULL,
  `Q7_text` varchar(250) DEFAULT NULL,
  `Q8` text NOT NULL,
  `Q9` text NOT NULL,
  `Q9a` varchar(250) DEFAULT NULL,
  `other1` varchar(250) DEFAULT NULL,
  `other2` varchar(250) DEFAULT NULL,
  `Q10` text NOT NULL,
  `Q11` text NOT NULL,
  `Q12` text NOT NULL,
  `Q13` text NOT NULL,
  `Q14` text NOT NULL,
  `Q15` text NOT NULL,
  `Q16` text NOT NULL,
  `Q17` text NOT NULL,
  `Q18` text NOT NULL,
  `Q18a` varchar(250) DEFAULT NULL,
  `other_1` varchar(250) DEFAULT NULL,
  `other_2` varchar(250) DEFAULT NULL,
  `Q19` text NOT NULL,
  `Q20` text NOT NULL,
  `Q21` text NOT NULL,
  `Q22` text NOT NULL,
  `Q22a` varchar(250) DEFAULT NULL,
  `Q22b` varchar(250) DEFAULT NULL,
  `Q22c` varchar(250) DEFAULT NULL,
  `Q23` text NOT NULL,
  `Q24` text NOT NULL,
  `Q25` text NOT NULL,
  `Q26` text NOT NULL,
  `Q27` text NOT NULL,
  `Q28` text NOT NULL,
  `Q29` text NOT NULL,
  `Q29a` varchar(250) DEFAULT NULL,
  `Q29_other` varchar(250) DEFAULT NULL,
  `Q29_other2` varchar(250) DEFAULT NULL,
  `Q30` text NOT NULL,
  `Q31` text NOT NULL,
  `Q32` text NOT NULL,
  `Q33` text NOT NULL,
  `Q34` text NOT NULL,
  `Q35` text NOT NULL,
  `Q36` text NOT NULL,
  `Q37` text NOT NULL,
  `Q38` text NOT NULL,
  `Q39` text NOT NULL,
  `Q40` text NOT NULL,
  `Q41` text NOT NULL,
  `Q42` text NOT NULL,
  `Q43` text NOT NULL,
  `Q44` text NOT NULL,
  `Q45` text NOT NULL,
  `Q46` text NOT NULL,
  `Q47` text NOT NULL,
  `Q48` text NOT NULL,
  `Q49` text NOT NULL,
  `Q50` text NOT NULL,
  `Q51` text NOT NULL,
  `Q52` text NOT NULL,
  `Q53` text NOT NULL,
  `Q54` text NOT NULL,
  `Q55` text NOT NULL,
  `Q56` text NOT NULL,
  `Q57` text NOT NULL,
  `Q58` text NOT NULL,
  `Q59` text NOT NULL,
  `Q60` text NOT NULL,
  `Q61` text NOT NULL,
  `Q62` text NOT NULL,
  `Q63` text NOT NULL,
  `Q64` text NOT NULL,
  `Q65` text NOT NULL,
  `Q66` text NOT NULL,
  `Q67` text NOT NULL,
  `Q68` text NOT NULL,
  `Q69` text NOT NULL,
  `Q70` text NOT NULL,
  `Q71` text NOT NULL,
  `Q72` text NOT NULL,
  `Q73` text NOT NULL,
  `Q74` text NOT NULL,
  `Q75` text NOT NULL,
  `Q76` text NOT NULL,
  `Q77` text NOT NULL,
  `Q78` text NOT NULL,
  `Q79` text NOT NULL,
  `Q80` text NOT NULL,
  `Q81` text NOT NULL,
  `lang` varchar(50) DEFAULT NULL,
  `phone` varchar(255) NOT NULL,
  `farmer` varchar(255) DEFAULT NULL,
  `id_number` varchar(200) NOT NULL,
  `gender` varchar(200) DEFAULT NULL,
  `clinic_visited` varchar(255) DEFAULT NULL,
  `date_visited` varchar(50) DEFAULT NULL,
  `crop` varchar(200) DEFAULT NULL,
  `callbacktime` varchar(200) NOT NULL,
  `disposition` text NOT NULL,
  `disptype` text NOT NULL,
  `date` timestamp NOT NULL DEFAULT CURRENT_TIMESTAMP ON UPDATE CURRENT_TIMESTAMP,
  `start_time` varchar(200) NOT NULL,
  `stop_time` varchar(50) NOT NULL,
  `last_page` varchar(250) DEFAULT NULL,
  `redial_times` int(11) NOT NULL DEFAULT '0',
  PRIMARY KEY (`id`)
) ENGINE=InnoDB DEFAULT CHARSET=latin1;

INSERT INTO `qc_data` (`id`, `lid`, `interviewer`, `cs`, `Q1`, `Q2`, `Q3`, `Q4`, `Q5`, `Q5a`, `Q5o`, `Q6`, `Q7`, `Q7_text`, `Q8`, `Q9`, `Q9a`, `other1`, `other2`, `Q10`, `Q11`, `Q12`, `Q13`, `Q14`, `Q15`, `Q16`, `Q17`, `Q18`, `Q18a`, `other_1`, `other_2`, `Q19`, `Q20`, `Q21`, `Q22`, `Q22a`, `Q22b`, `Q22c`, `Q23`, `Q24`, `Q25`, `Q26`, `Q27`, `Q28`, `Q29`, `Q29a`, `Q29_other`, `Q29_other2`, `Q30`, `Q31`, `Q32`, `Q33`, `Q34`, `Q35`, `Q36`, `Q37`, `Q38`, `Q39`, `Q40`, `Q41`, `Q42`, `Q43`, `Q44`, `Q45`, `Q46`, `Q47`, `Q48`, `Q49`, `Q50`, `Q51`, `Q52`, `Q53`, `Q54`, `Q55`, `Q56`, `Q57`, `Q58`, `Q59`, `Q60`, `Q61`, `Q62`, `Q63`, `Q64`, `Q65`, `Q66`, `Q67`, `Q68`, `Q69`, `Q70`, `Q71`, `Q72`, `Q73`, `Q74`, `Q75`, `Q76`, `Q77`, `Q78`, `Q79`, `Q80`, `Q81`, `lang`, `phone`, `farmer`, `id_number`, `gender`, `clinic_visited`, `date_visited`, `crop`, `callbacktime`, `disposition`, `disptype`, `date`, `start_time`, `stop_time`, `last_page`, `redial_times`) VALUES
(1,	1711,	'admin',	'1',	'',	'',	'',	'',	'',	NULL,	NULL,	'',	'',	NULL,	'',	'',	NULL,	NULL,	NULL,	'',	'',	'',	'',	'',	'',	'',	'',	'',	NULL,	NULL,	NULL,	'',	'',	'',	'',	NULL,	NULL,	NULL,	'',	'',	'',	'',	'',	'',	'',	NULL,	NULL,	NULL,	'',	'',	'',	'',	'',	'',	'',	'',	'',	'',	'',	'',	'',	'',	'',	'',	'',	'',	'',	'',	'',	'',	'',	'',	'',	'',	'',	'',	'',	'',	'',	'',	'',	'',	'',	'',	'',	'',	'',	'',	'',	'',	'',	'',	'',	'',	'',	'',	'',	'',	'',	'',	NULL,	'255754384056',	'Meck Amon uyole mbeya',	'',	'',	'',	'',	'',	'',	'',	'',	'2015-11-30 14:25:57',	'2015-11-30 15:22:57',	'',	NULL,	0),
(2,	8129,	'dorcas',	'1',	'',	'',	'',	'',	'',	NULL,	NULL,	'',	'',	NULL,	'',	'',	NULL,	NULL,	NULL,	'',	'',	'',	'',	'',	'',	'',	'',	'',	NULL,	NULL,	NULL,	'',	'',	'',	'',	NULL,	NULL,	NULL,	'',	'',	'',	'',	'',	'',	'',	NULL,	NULL,	NULL,	'',	'',	'',	'',	'',	'',	'',	'',	'',	'',	'',	'',	'',	'',	'',	'',	'',	'',	'',	'',	'',	'',	'',	'',	'',	'',	'',	'',	'',	'',	'',	'',	'',	'',	'',	'',	'',	'',	'',	'',	'',	'',	'',	'',	'',	'',	'',	'',	'',	'',	'',	'',	NULL,	'255785773915',	'255785773915',	'',	'',	'',	'12.6.2015 3:07:53 PM',	'',	'',	'',	'',	'2015-12-09 13:47:33',	'2015-12-09 14:46:03',	'',	NULL,	0);

DROP TABLE IF EXISTS `state_tbl`;
CREATE TABLE `state_tbl` (
  `id` int(11) NOT NULL AUTO_INCREMENT,
  `s_id` varchar(20) NOT NULL,
  `match_done` varchar(100) NOT NULL,
  `s_date` varchar(20) NOT NULL,
  `date_timestamp` timestamp NOT NULL DEFAULT CURRENT_TIMESTAMP,
  PRIMARY KEY (`id`)
) ENGINE=InnoDB DEFAULT CHARSET=latin1;

INSERT INTO `state_tbl` (`id`, `s_id`, `match_done`, `s_date`, `date_timestamp`) VALUES
(2,	'3473',	'Yes',	'2015-11-02 08:08:10',	'2015-12-09 12:33:20'),
(3,	'3475',	'Yes',	'2015-11-02 08:10:00',	'2015-12-09 12:33:20'),
(4,	'3479',	'Yes',	'2015-11-02 08:21:56',	'2015-12-09 12:33:20'),
(5,	'3482',	'Yes',	'2015-11-02 08:25:03',	'2015-12-09 12:33:20'),
(6,	'3497',	'Yes',	'2015-11-02 08:35:37',	'2015-12-09 12:33:20'),
(7,	'3499',	'Yes',	'2015-11-02 08:36:40',	'2015-12-09 12:33:20'),
(8,	'3502',	'Yes',	'2015-11-02 08:58:30',	'2015-12-09 12:33:20'),
(9,	'3512',	'Yes',	'2015-12-09 14:46:48',	'2015-12-09 12:33:20'),
(10,	'3517',	'Yes',	'2015-12-09 14:48:10',	'2015-12-09 12:33:20'),
(11,	'3518',	'Yes',	'2015-12-09 14:50:41',	'2015-12-09 12:33:20'),
(12,	'3808',	'Yes',	'2015-11-04 08:38:37',	'2015-12-09 12:33:20'),
(13,	'3812',	'Yes',	'2015-12-09 14:31:30',	'2015-12-09 12:33:20'),
(14,	'3824',	'Yes',	'2015-11-04 08:52:14',	'2015-12-09 12:33:20'),
(15,	'3830',	'Yes',	'2015-11-04 08:54:10',	'2015-12-09 12:33:20'),
(16,	'3836',	'Yes',	'2015-11-04 08:58:45',	'2015-12-09 12:33:20'),
(17,	'3839',	'Yes',	'2015-11-04 09:07:24',	'2015-12-09 12:33:20'),
(18,	'3853',	'Yes',	'2015-11-04 09:16:00',	'2015-12-09 12:33:20'),
(19,	'3857',	'Yes',	'2015-11-04 09:17:39',	'2015-12-09 12:33:20'),
(20,	'3877',	'Yes',	'2015-12-09 10:36:38',	'2015-12-09 12:33:20'),
(21,	'3881',	'Yes',	'2015-12-09 10:38:23',	'2015-12-09 12:33:20'),
(22,	'3884',	'Yes',	'2015-12-09 10:41:34',	'2015-12-09 12:33:20'),
(23,	'3885',	'Yes',	'2015-12-09 10:43:08',	'2015-12-09 12:33:20'),
(24,	'3887',	'Yes',	'2015-12-09 10:54:19',	'2015-12-09 12:33:20'),
(25,	'3890',	'Yes',	'2015-12-09 10:55:57',	'2015-12-09 12:33:20'),
(26,	'3900',	'Yes',	'2015-12-09 11:08:14',	'2015-12-09 12:33:20'),
(27,	'3904',	'Yes',	'2015-12-09 11:35:50',	'2015-12-09 12:33:20'),
(28,	'3908',	'Yes',	'2015-12-09 11:52:09',	'2015-12-09 12:33:20'),
(29,	'3912',	'Yes',	'2015-12-09 11:56:06',	'2015-12-09 12:33:20'),
(30,	'3921',	'Yes',	'2015-12-09 12:00:01',	'2015-12-09 12:33:20'),
(31,	'3923',	'Yes',	'2015-12-09 12:00:42',	'2015-12-09 12:33:20'),
(32,	'3930',	'Yes',	'2015-12-09 12:01:32',	'2015-12-09 12:33:20'),
(33,	'3932',	'Yes',	'2015-12-09 12:02:29',	'2015-12-09 12:33:20'),
(34,	'3952',	'Yes',	'2015-12-09 12:03:37',	'2015-12-09 12:33:20'),
(35,	'3955',	'Yes',	'2015-12-09 12:05:25',	'2015-12-09 12:33:20'),
(36,	'3960',	'Yes',	'2015-12-09 12:05:59',	'2015-12-09 12:33:20'),
(37,	'3965',	'Yes',	'2015-12-09 12:06:51',	'2015-12-09 12:33:20'),
(38,	'3970',	'Yes',	'2015-12-09 12:23:27',	'2015-12-09 12:33:20'),
(39,	'3972',	'Yes',	'2015-12-09 12:30:30',	'2015-12-09 12:33:20'),
(40,	'3979',	'Yes',	'2015-12-09 12:43:23',	'2015-12-09 12:33:20'),
(41,	'3980',	'Yes',	'2015-12-09 12:59:16',	'2015-12-09 12:33:20'),
(42,	'3982',	'Yes',	'2015-12-09 13:01:12',	'2015-12-09 12:33:20'),
(43,	'3986',	'Yes',	'2015-12-09 13:56:07',	'2015-12-09 12:33:20'),
(44,	'3995',	'Yes',	'2015-12-09 13:56:42',	'2015-12-09 12:33:20'),
(45,	'4003',	'Yes',	'2015-12-09 14:00:39',	'2015-12-09 12:33:20'),
(46,	'4015',	'Yes',	'2015-12-09 14:03:27',	'2015-12-09 12:33:20'),
(47,	'4017',	'Yes',	'2015-12-09 14:04:50',	'2015-12-09 12:33:20'),
(48,	'4025',	'Yes',	'2015-12-09 14:28:13',	'2015-12-09 12:33:20'),
(49,	'4040',	'Yes',	'2015-12-09 14:43:40',	'2015-12-09 12:33:20'),
(50,	'4055',	'Yes',	'2015-12-09 14:45:28',	'2015-12-09 12:33:20'),
(51,	'4057',	'Yes',	'2015-12-09 14:30:31',	'2015-12-09 12:33:20'),
(52,	'4058',	'Yes',	'2015-12-09 14:30:00',	'2015-12-09 12:33:20'),
(53,	'4059',	'Yes',	'2015-12-09 14:29:17',	'2015-12-09 12:33:20'),
(54,	'4075',	'Yes',	'2015-12-09 14:28:46',	'2015-12-09 12:33:20'),
(55,	'4076',	'Yes',	'2015-12-09 14:27:37',	'2015-12-09 12:33:20'),
(56,	'4079',	'Yes',	'2015-12-09 14:24:33',	'2015-12-09 12:33:20'),
(57,	'4080',	'Yes',	'2015-12-09 14:19:25',	'2015-12-09 12:33:20'),
(58,	'4088',	'Yes',	'2015-12-09 14:18:17',	'2015-12-09 12:33:20'),
(59,	'4098',	'Yes',	'2015-12-09 14:17:30',	'2015-12-09 12:33:20'),
(60,	'4112',	'Yes',	'2015-12-09 14:06:52',	'2015-12-09 12:33:20'),
(65,	'3522',	'Yes',	'2015-12-09',	'2015-12-09 13:35:07'),
(66,	'3523',	'Yes',	'2015-12-09',	'2015-12-09 13:36:55'),
(67,	'3527',	'Yes',	'2015-12-09',	'2015-12-09 13:37:28'),
(68,	'3528',	'Yes',	'2015-12-09',	'2015-12-09 13:38:14'),
(69,	'3531',	'Yes',	'2015-12-09',	'2015-12-09 13:39:09'),
(70,	'3532',	'Yes',	'2015-12-09',	'2015-12-09 13:39:51'),
(71,	'3533',	'Yes',	'2015-12-09',	'2015-12-09 13:40:42'),
(72,	'3542',	'Yes',	'2015-12-09',	'2015-12-09 13:41:27'),
(73,	'3543',	'Yes',	'2015-12-09',	'2015-12-09 13:45:56'),
(74,	'3545',	'Yes',	'2015-12-09',	'2015-12-09 13:49:28'),
(75,	'3546',	'Yes',	'2015-12-09',	'2015-12-09 13:52:35'),
(76,	'3549',	'Yes',	'2015-12-09',	'2015-12-09 13:54:20'),
(77,	'3551',	'Yes',	'2015-12-09',	'2015-12-09 13:55:07'),
(78,	'3554',	'Yes',	'2015-12-09',	'2015-12-09 13:56:51'),
(79,	'3555',	'Yes',	'2015-12-09',	'2015-12-09 13:57:35'),
(80,	'3559',	'Yes',	'2015-12-09',	'2015-12-09 13:58:12'),
(81,	'3570',	'Yes',	'2015-12-09',	'2015-12-09 13:59:03'),
(82,	'3575',	'Yes',	'2015-12-09',	'2015-12-09 13:59:53'),
(83,	'3577',	'Yes',	'2015-12-09',	'2015-12-09 14:01:12'),
(84,	'3578',	'Yes',	'2015-12-09',	'2015-12-09 14:18:51'),
(85,	'3579',	'Yes',	'2015-12-09',	'2015-12-09 14:19:31'),
(86,	'3580',	'Yes',	'2015-12-09',	'2015-12-09 14:20:22'),
(87,	'3582',	'Yes',	'2015-12-09',	'2015-12-09 14:21:38'),
(88,	'3583',	'Yes',	'2015-12-09',	'2015-12-09 14:24:02'),
(89,	'3593',	'Yes',	'2015-12-09',	'2015-12-09 14:25:55'),
(90,	'3599',	'Yes',	'2015-12-09',	'2015-12-09 14:26:33'),
(91,	'3601',	'Yes',	'2015-12-09',	'2015-12-09 14:27:16'),
(92,	'3603',	'Yes',	'2015-12-09',	'2015-12-09 14:28:25'),
(93,	'3604',	'Yes',	'2015-12-09',	'2015-12-09 14:29:12'),
(94,	'3605',	'Yes',	'2015-12-09',	'2015-12-09 14:30:03'),
(95,	'3612',	'Yes',	'2015-12-09',	'2015-12-09 14:30:53'),
(96,	'3614',	'Yes',	'2015-12-09',	'2015-12-09 14:31:31'),
(97,	'3615',	'Yes',	'2015-12-09',	'2015-12-09 14:32:39'),
(98,	'3617',	'Yes',	'2015-12-09',	'2015-12-09 14:33:45'),
(99,	'3618',	'Yes',	'2015-12-09',	'2015-12-09 14:35:12'),
(100,	'3619',	'Yes',	'2015-12-09',	'2015-12-09 14:35:52'),
(101,	'3620',	'Yes',	'2015-12-09',	'2015-12-09 14:36:34'),
(102,	'3621',	'Yes',	'2015-12-09',	'2015-12-09 14:37:45'),
(103,	'3622',	'Yes',	'2015-12-09',	'2015-12-09 14:38:23'),
(104,	'3629',	'Yes',	'2015-12-09',	'2015-12-09 14:39:02'),
(105,	'3636',	'Yes',	'2015-12-09',	'2015-12-09 14:39:50'),
(106,	'3798',	'Yes',	'2015-12-09',	'2015-12-09 14:40:45'),
(107,	'3792',	'Yes',	'2015-12-09',	'2015-12-09 14:42:10'),
(108,	'3638',	'Yes',	'2015-12-09',	'2015-12-09 14:44:08'),
(109,	'3650',	'Yes',	'2015-12-09',	'2015-12-09 14:45:26'),
(110,	'3652',	'Yes',	'2015-12-09',	'2015-12-09 14:46:23'),
(111,	'3655',	'Yes',	'2015-12-09',	'2015-12-09 14:47:23'),
(112,	'3659',	'Yes',	'2015-12-09',	'2015-12-09 14:48:27'),
(113,	'3661',	'Yes',	'2015-12-09',	'2015-12-09 14:49:49'),
(114,	'3662',	'Yes',	'2015-12-09',	'2015-12-09 14:50:41'),
(115,	'3664',	'Yes',	'2015-12-09',	'2015-12-09 14:52:03'),
(116,	'3669',	'Yes',	'2015-12-09',	'2015-12-09 14:53:15'),
(117,	'3673',	'Yes',	'2015-12-09',	'2015-12-09 14:54:59'),
(118,	'3674',	'Yes',	'2015-12-09',	'2015-12-09 14:56:58'),
(119,	'3675',	'Yes',	'2015-12-09',	'2015-12-09 14:58:07'),
(120,	'3681',	'Yes',	'2015-12-09',	'2015-12-09 14:59:24'),
(121,	'3685',	'Yes',	'2015-12-09',	'2015-12-09 15:00:43'),
(122,	'3696',	'Yes',	'2015-12-09',	'2015-12-09 15:01:27'),
(123,	'3703',	'Yes',	'2015-12-09',	'2015-12-09 15:29:42'),
(124,	'3704',	'Yes',	'2015-12-09',	'2015-12-09 15:30:56'),
(125,	'3706',	'Yes',	'2015-12-09',	'2015-12-09 15:31:51'),
(126,	'3709',	'Yes',	'2015-12-09',	'2015-12-09 15:32:39'),
(127,	'3710',	'Yes',	'2015-12-09',	'2015-12-09 15:33:27'),
(128,	'3712',	'Yes',	'2015-12-09',	'2015-12-09 15:35:51'),
(129,	'3713',	'Yes',	'2015-12-09',	'2015-12-09 15:38:45'),
(130,	'3714',	'Yes',	'2015-12-09',	'2015-12-09 15:39:37'),
(131,	'3716',	'Yes',	'2015-12-09',	'2015-12-09 15:40:23'),
(132,	'3719',	'Yes',	'2015-12-09',	'2015-12-09 15:41:07'),
(133,	'3728',	'Yes',	'2015-12-09',	'2015-12-09 15:42:10'),
(134,	'3735',	'Yes',	'2015-12-09',	'2015-12-09 15:43:09'),
(135,	'3737',	'Yes',	'2015-12-09',	'2015-12-09 15:43:59'),
(136,	'3739',	'Yes',	'2015-12-09',	'2015-12-09 15:44:44'),
(137,	'3744',	'Yes',	'2015-12-09',	'2015-12-09 15:45:41'),
(138,	'3751',	'Yes',	'2015-12-09',	'2015-12-09 15:46:27'),
(139,	'3753',	'Yes',	'2015-12-09',	'2015-12-09 15:47:34'),
(140,	'3769',	'Yes',	'2015-12-09',	'2015-12-09 15:48:32'),
(141,	'3786',	'Yes',	'2015-12-09',	'2015-12-09 15:49:20'),
(142,	'4115',	'Yes',	'2015-12-09',	'2015-12-09 15:52:08'),
(143,	'4119',	'Yes',	'2015-12-09',	'2015-12-09 15:53:13'),
(144,	'4123',	'Yes',	'2015-12-09',	'2015-12-09 15:57:08'),
(145,	'4124',	'Yes',	'2015-12-09',	'2015-12-09 15:57:42'),
(146,	'4125',	'Yes',	'2015-12-09',	'2015-12-09 15:59:39'),
(147,	'4126',	'Yes',	'2015-12-10',	'2015-12-10 06:20:16'),
(148,	'4131',	'Yes',	'2015-12-10',	'2015-12-10 06:20:52'),
(149,	'4140',	'Yes',	'2015-12-10',	'2015-12-10 06:21:44'),
(150,	'4145',	'Yes',	'2015-12-10',	'2015-12-10 06:25:44'),
(151,	'4146',	'Yes',	'2015-12-10',	'2015-12-10 06:26:16'),
(152,	'4147',	'Yes',	'2015-12-10',	'2015-12-10 06:26:54'),
(153,	'4164',	'Yes',	'2015-12-10',	'2015-12-10 06:27:27'),
(154,	'4165',	'Yes',	'2015-12-10',	'2015-12-10 06:28:18'),
(155,	'4166',	'Yes',	'2015-12-10',	'2015-12-10 06:28:46'),
(156,	'4168',	'Yes',	'2015-12-10',	'2015-12-10 06:29:24'),
(157,	'4169',	'Yes',	'2015-12-10',	'2015-12-10 06:30:06'),
(158,	'4171',	'Yes',	'2015-12-10',	'2015-12-10 06:30:41'),
(159,	'4173',	'Yes',	'2015-12-10',	'2015-12-10 06:31:18'),
(160,	'4180',	'Yes',	'2015-12-10',	'2015-12-10 06:31:56'),
(161,	'4181',	'Yes',	'2015-12-10',	'2015-12-10 06:32:30'),
(162,	'4186',	'Yes',	'2015-12-10',	'2015-12-10 06:33:20'),
(163,	'4193',	'Yes',	'2015-12-10',	'2015-12-10 06:34:03'),
(164,	'4197',	'Yes',	'2015-12-10',	'2015-12-10 06:42:38'),
(165,	'4211',	'Yes',	'2015-12-10',	'2015-12-10 06:43:22'),
(166,	'4218',	'Yes',	'2015-12-10',	'2015-12-10 06:47:08'),
(167,	'4219',	'Yes',	'2015-12-10',	'2015-12-10 06:51:42'),
(168,	'4221',	'Yes',	'2015-12-10',	'2015-12-10 06:52:59'),
(169,	'4226',	'Yes',	'2015-12-10',	'2015-12-10 06:54:04'),
(170,	'4230',	'Yes',	'2015-12-10',	'2015-12-10 07:03:48'),
(171,	'4231',	'Yes',	'2015-12-10',	'2015-12-10 07:04:26'),
(172,	'4232',	'Yes',	'2015-12-10',	'2015-12-10 07:05:05'),
(173,	'4234',	'Yes',	'2015-12-10',	'2015-12-10 07:07:21'),
(174,	'4243',	'Yes',	'2015-12-10',	'2015-12-10 07:08:54'),
(175,	'4244',	'Yes',	'2015-12-10',	'2015-12-10 07:10:07'),
(176,	'4252',	'Yes',	'2015-12-10',	'2015-12-10 07:22:44'),
(177,	'4255',	'Yes',	'2015-12-10',	'2015-12-10 07:24:28'),
(178,	'4257',	'Yes',	'2015-12-10',	'2015-12-10 07:25:07'),
(179,	'4258',	'Yes',	'2015-12-10',	'2015-12-10 07:25:53'),
(180,	'4259',	'Yes',	'2015-12-10',	'2015-12-10 07:27:22'),
(181,	'4272',	'Yes',	'2015-12-10',	'2015-12-10 07:28:11'),
(182,	'4274',	'Yes',	'2015-12-10',	'2015-12-10 07:28:47'),
(183,	'4277',	'Yes',	'2015-12-10',	'2015-12-10 07:29:36'),
(184,	'4296',	'Yes',	'2015-12-10',	'2015-12-10 07:41:39'),
(185,	'4302',	'Yes',	'2015-12-10',	'2015-12-10 07:53:16'),
(186,	'4303',	'Yes',	'2015-12-10',	'2015-12-10 07:54:49'),
(187,	'4308',	'Yes',	'2015-12-10',	'2015-12-10 07:56:09'),
(188,	'4310',	'Yes',	'2015-12-10',	'2015-12-10 07:56:56'),
(189,	'4317',	'Yes',	'2015-12-10',	'2015-12-10 07:57:43'),
(190,	'4325',	'Yes',	'2015-12-10',	'2015-12-10 08:04:44'),
(191,	'4326',	'Yes',	'2015-12-10',	'2015-12-10 08:05:29'),
(192,	'4331',	'Yes',	'2015-12-10',	'2015-12-10 08:07:28'),
(193,	'4340',	'Yes',	'2015-12-10',	'2015-12-10 08:08:43'),
(194,	'4344',	'Yes',	'2015-12-10',	'2015-12-10 08:10:27'),
(195,	'4349',	'Yes',	'2015-12-10',	'2015-12-10 08:11:08'),
(196,	'4366',	'Yes',	'2015-12-10',	'2015-12-10 08:11:47'),
(197,	'4373',	'No',	'2015-12-10',	'2015-12-10 08:12:37'),
(198,	'4380',	'Yes',	'2015-12-10',	'2015-12-10 08:15:51'),
(199,	'4396',	'Yes',	'2015-12-10',	'2015-12-10 08:25:20'),
(200,	'4412',	'Yes',	'2015-12-10',	'2015-12-10 08:26:16'),
(201,	'4416',	'Yes',	'2015-12-10',	'2015-12-10 08:27:31'),
(202,	'4418',	'Yes',	'2015-12-10',	'2015-12-10 08:28:10'),
(203,	'4429',	'Yes',	'2015-12-10',	'2015-12-10 08:29:07'),
(204,	'4434',	'Yes',	'2015-12-10',	'2015-12-10 08:29:55'),
(205,	'4489',	'Yes',	'2015-12-10',	'2015-12-10 08:30:37'),
(206,	'4479',	'Yes',	'2015-12-10',	'2015-12-10 08:31:35'),
(207,	'4456',	'Yes',	'2015-12-10',	'2015-12-10 08:32:12'),
(208,	'4446',	'Yes',	'2015-12-10',	'2015-12-10 08:32:42'),
(209,	'4469',	'Yes',	'2015-12-10',	'2015-12-10 08:33:25'),
(210,	'4537',	'Yes',	'2015-12-10',	'2015-12-10 08:34:28'),
(211,	'4539',	'Yes',	'2015-12-10',	'2015-12-10 08:35:12'),
(212,	'4544',	'Yes',	'2015-12-10',	'2015-12-10 08:36:27'),
(213,	'4553',	'Yes',	'2015-12-10',	'2015-12-10 08:38:28'),
(214,	'4559',	'Yes',	'2015-12-10',	'2015-12-10 08:40:23'),
(215,	'4561',	'Yes',	'2015-12-10',	'2015-12-10 08:41:23'),
(216,	'4568',	'Yes',	'2015-12-10',	'2015-12-10 08:42:54'),
(217,	'4575',	'Yes',	'2015-12-10',	'2015-12-10 08:43:40'),
(218,	'4580',	'Yes',	'2015-12-10',	'2015-12-10 08:44:15'),
(219,	'4587',	'Yes',	'2015-12-10',	'2015-12-10 08:45:27'),
(220,	'4592',	'Yes',	'2015-12-10',	'2015-12-10 08:48:37'),
(221,	'4594',	'Yes',	'2015-12-10',	'2015-12-10 08:49:48'),
(222,	'4595',	'Yes',	'2015-12-10',	'2015-12-10 08:51:42'),
(223,	'4596',	'Yes',	'2015-12-10',	'2015-12-10 08:54:11'),
(224,	'4605',	'Yes',	'2015-12-10',	'2015-12-10 08:57:51'),
(225,	'4607',	'Yes',	'2015-12-10',	'2015-12-10 09:04:17'),
(226,	'4626',	'Yes',	'2015-12-10',	'2015-12-10 09:04:52'),
(227,	'4628',	'Yes',	'2015-12-10',	'2015-12-10 09:05:59'),
(228,	'4629',	'Yes',	'2015-12-10',	'2015-12-10 09:06:46'),
(229,	'4631',	'Yes',	'2015-12-10',	'2015-12-10 09:08:05'),
(230,	'4635',	'Yes',	'2015-12-10',	'2015-12-10 09:09:06'),
(231,	'4655',	'Yes',	'2015-12-10',	'2015-12-10 09:09:39'),
(232,	'4659',	'Yes',	'2015-12-10',	'2015-12-10 09:10:50'),
(233,	'4672',	'Yes',	'2015-12-10',	'2015-12-10 09:11:54'),
(234,	'4683',	'Yes',	'2015-12-10',	'2015-12-10 09:13:44'),
(235,	'4684',	'Yes',	'2015-12-10',	'2015-12-10 09:15:00'),
(236,	'4697',	'Yes',	'2015-12-10',	'2015-12-10 09:15:53'),
(237,	'4699',	'Yes',	'2015-12-10',	'2015-12-10 09:17:02'),
(238,	'4796',	'Yes',	'2015-12-10',	'2015-12-10 09:19:14'),
(239,	'4791',	'Yes',	'2015-12-10',	'2015-12-10 09:20:43'),
(240,	'4779',	'Yes',	'2015-12-10',	'2015-12-10 09:22:04'),
(241,	'4765',	'Yes',	'2015-12-10',	'2015-12-10 09:23:20'),
(242,	'4762',	'Yes',	'2015-12-10',	'2015-12-10 09:24:07'),
(243,	'4751',	'Yes',	'2015-12-10',	'2015-12-10 09:28:29'),
(244,	'4746',	'Yes',	'2015-12-10',	'2015-12-10 09:29:10'),
(245,	'4741',	'Yes',	'2015-12-10',	'2015-12-10 09:29:45'),
(246,	'4738',	'Yes',	'2015-12-10',	'2015-12-10 09:30:17'),
(247,	'4729',	'Yes',	'2015-12-10',	'2015-12-10 09:31:02'),
(248,	'4724',	'Yes',	'2015-12-10',	'2015-12-10 09:32:55'),
(249,	'4723',	'Yes',	'2015-12-10',	'2015-12-10 09:33:54'),
(250,	'4705',	'Yes',	'2015-12-10',	'2015-12-10 09:34:23'),
(251,	'4704',	'Yes',	'2015-12-10',	'2015-12-10 09:35:05'),
(252,	'1841',	'Yes',	'2015-12-10',	'2015-12-10 09:38:15'),
(253,	'1871',	'Yes',	'2015-12-10',	'2015-12-10 09:39:50'),
(254,	'3367',	'Yes',	'2015-12-10',	'2015-12-10 09:42:44'),
(255,	'3816',	'Yes',	'2015-12-10',	'2015-12-10 09:44:16'),
(256,	'4092',	'Yes',	'2015-12-10',	'2015-12-10 09:45:37'),
(257,	'4834',	'Yes',	'2015-12-10',	'2015-12-10 09:46:10'),
(258,	'4835',	'Yes',	'2015-12-10',	'2015-12-10 09:47:31'),
(259,	'4850',	'Yes',	'2015-12-10',	'2015-12-10 09:48:23'),
(260,	'4853',	'Yes',	'2015-12-10',	'2015-12-10 09:52:22'),
(261,	'4856',	'Yes',	'2015-12-10',	'2015-12-10 09:53:31'),
(262,	'4893',	'Yes',	'2015-12-10',	'2015-12-10 09:54:37'),
(263,	'4895',	'Yes',	'2015-12-10',	'2015-12-10 09:56:01'),
(264,	'4896',	'Yes',	'2015-12-10',	'2015-12-10 09:57:32'),
(265,	'4903',	'Yes',	'2015-12-10',	'2015-12-10 09:58:50'),
(266,	'4919',	'Yes',	'2015-12-10',	'2015-12-10 11:12:55'),
(267,	'4933',	'Yes',	'2015-12-10',	'2015-12-10 11:13:42'),
(268,	'5004',	'Yes',	'2015-12-10',	'2015-12-10 11:14:15'),
(269,	'5140',	'Yes',	'2015-12-10',	'2015-12-10 11:16:27'),
(270,	'5144',	'Yes',	'2015-12-10',	'2015-12-10 11:17:32'),
(271,	'5153',	'Yes',	'2015-12-10',	'2015-12-10 11:18:26'),
(272,	'5158',	'Yes',	'2015-12-10',	'2015-12-10 11:19:30'),
(273,	'5161',	'Yes',	'2015-12-10',	'2015-12-10 11:20:29'),
(274,	'5171',	'Yes',	'2015-12-10',	'2015-12-10 11:21:13'),
(275,	'315',	'Yes',	'2015-12-17',	'2015-12-17 08:32:04'),
(276,	'338',	'Yes',	'2015-12-17',	'2015-12-17 08:32:37'),
(277,	'424',	'Yes',	'2015-12-17',	'2015-12-17 08:33:09'),
(278,	'504',	'Yes',	'2015-12-17',	'2015-12-17 08:33:51'),
(279,	'519',	'Yes',	'2015-12-17',	'2015-12-17 08:34:38'),
(280,	'550',	'Yes',	'2015-12-17',	'2015-12-17 08:35:06'),
(281,	'628',	'Yes',	'2015-12-17',	'2015-12-17 08:37:08'),
(282,	'802',	'Yes',	'2015-12-17',	'2015-12-17 08:37:41'),
(283,	'818',	'Yes',	'2015-12-17',	'2015-12-17 08:38:24'),
(284,	'922',	'Yes',	'2015-12-17',	'2015-12-17 08:40:15'),
(285,	'949',	'Yes',	'2015-12-17',	'2015-12-17 08:42:16'),
(286,	'962',	'Yes',	'2015-12-17',	'2015-12-17 08:43:02'),
(287,	'972',	'Yes',	'2015-12-17',	'2015-12-17 08:43:53'),
(288,	'1051',	'Yes',	'2015-12-17',	'2015-12-17 08:44:27'),
(289,	'1165',	'Yes',	'2015-12-17',	'2015-12-17 08:45:07'),
(290,	'1277',	'Yes',	'2015-12-17',	'2015-12-17 08:46:46'),
(291,	'1337',	'Yes',	'2015-12-17',	'2015-12-17 08:47:14'),
(292,	'1389',	'Yes',	'2015-12-17',	'2015-12-17 08:47:46'),
(293,	'1418',	'Yes',	'2015-12-17',	'2015-12-17 08:52:15'),
(294,	'1666',	'Yes',	'2015-12-17',	'2015-12-17 08:53:16'),
(295,	'1782',	'Yes',	'2015-12-17',	'2015-12-17 08:54:13'),
(296,	'1862',	'Yes',	'2015-12-17',	'2015-12-17 08:57:20'),
(297,	'1896',	'Yes',	'2015-12-17',	'2015-12-17 08:57:54'),
(298,	'1925',	'Yes',	'2015-12-17',	'2015-12-17 08:58:30'),
(299,	'2104',	'Yes',	'2015-12-17',	'2015-12-17 08:59:08'),
(300,	'2134',	'Yes',	'2015-12-17',	'2015-12-17 09:01:39'),
(301,	'2425',	'Yes',	'2015-12-17',	'2015-12-17 09:02:46'),
(302,	'2602',	'Yes',	'2015-12-17',	'2015-12-17 09:03:19'),
(303,	'2607',	'Yes',	'2015-12-17',	'2015-12-17 09:30:51'),
(304,	'2659',	'Yes',	'2015-12-17',	'2015-12-17 10:03:45'),
(305,	'5163',	'Yes',	'2015-12-17',	'2015-12-17 10:06:18'),
(306,	'5010',	'Yes',	'2015-12-17',	'2015-12-17 10:07:15'),
(307,	'4649',	'Yes',	'2015-12-17',	'2015-12-17 10:09:33'),
(308,	'4647',	'Yes',	'2015-12-17',	'2015-12-17 10:10:22'),
(309,	'4636',	'Yes',	'2015-12-17',	'2015-12-17 10:11:58'),
(310,	'4503',	'Yes',	'2015-12-17',	'2015-12-17 10:13:07'),
(311,	'4494',	'Yes',	'2015-12-17',	'2015-12-17 12:17:09');

DROP TABLE IF EXISTS `survey`;
CREATE TABLE `survey` (
  `id` int(11) NOT NULL AUTO_INCREMENT,
  `lid` int(50) NOT NULL,
  `reference` bigint(20) unsigned NOT NULL DEFAULT '0',
  `stage` varchar(250) NOT NULL DEFAULT '0',
  `interviewer` varchar(200) NOT NULL,
  `cs` varchar(10) DEFAULT NULL,
  `Q1` varchar(100) DEFAULT NULL,
  `dialledno` varchar(255) DEFAULT NULL,
  `Q2` varchar(100) DEFAULT NULL,
  `Q3` varchar(100) DEFAULT NULL,
  `Q4` varchar(100) DEFAULT NULL,
  `q4a` varchar(100) DEFAULT NULL,
  `q4b` varchar(100) DEFAULT NULL,
  `Q4_comments` varchar(100) DEFAULT NULL,
  `Q5_a` varchar(255) DEFAULT NULL,
  `q5` varchar(255) DEFAULT NULL,
  `Q5_b` varchar(255) DEFAULT NULL,
  `Q5_c` varchar(255) DEFAULT NULL,
  `Q5_d` varchar(255) DEFAULT NULL,
  `Q5_d_1` varchar(255) DEFAULT NULL,
  `service_issue_other_reason` varchar(255) DEFAULT NULL,
  `Q5_d_2` varchar(255) DEFAULT NULL,
  `content_issue_other_reason` varchar(255) DEFAULT NULL,
  `Q5_d_3` varchar(255) DEFAULT NULL,
  `competitor_other_reason` varchar(255) DEFAULT NULL,
  `Q5_e` varchar(255) DEFAULT NULL,
  `voc` varchar(255) DEFAULT NULL,
  `callback` varchar(255) DEFAULT NULL,
  `method` varchar(255) DEFAULT NULL,
  `q12` varchar(255) DEFAULT NULL,
  `email` varchar(255) DEFAULT NULL,
  `subs` varchar(255) DEFAULT NULL,
  `name` varchar(255) DEFAULT NULL,
  `address` varchar(100) DEFAULT NULL,
  `phone` varchar(100) DEFAULT NULL,
  `phone1` varchar(100) DEFAULT NULL,
  `phone2` varchar(30) DEFAULT NULL,
  `phone3` varchar(255) DEFAULT NULL,
  `city` varchar(255) DEFAULT NULL,
  `previous_package` varchar(50) DEFAULT NULL,
  `previous_package_speed` varchar(100) DEFAULT NULL,
  `current_package` varchar(100) DEFAULT NULL,
  `current_package_speed` varchar(100) DEFAULT NULL,
  `payment_date` varchar(255) DEFAULT NULL,
  `cycle` varchar(255) DEFAULT NULL,
  `Discount` varchar(50) DEFAULT NULL,
  `amount_due` varchar(50) DEFAULT NULL,
  `amount_in` varchar(50) DEFAULT NULL,
  `amount_to_pay` varchar(50) DEFAULT NULL,
  `loyalty_points` varchar(250) DEFAULT NULL,
  `callbacktime` varchar(200) DEFAULT NULL,
  `disposition` varchar(250) DEFAULT NULL,
  `disptype` varchar(250) DEFAULT NULL,
  `datemail` date DEFAULT NULL,
  `escalation` varchar(255) DEFAULT NULL,
  `update_time` varchar(255) DEFAULT NULL,
  `escalated` varchar(255) DEFAULT NULL,
  `status` varchar(255) DEFAULT 'Open',
  `batch` varchar(50) DEFAULT NULL,
  `date` timestamp NOT NULL DEFAULT CURRENT_TIMESTAMP ON UPDATE CURRENT_TIMESTAMP,
  `duplicate_date` varchar(250) DEFAULT NULL,
  `start_time` varchar(200) DEFAULT NULL,
  `stop_time` varchar(50) DEFAULT NULL,
  `last_page` varchar(250) DEFAULT NULL,
  `redial_times` int(11) DEFAULT NULL,
  `in_progress_comment` varchar(255) DEFAULT NULL,
  `in_progress_time` varchar(255) DEFAULT NULL,
  `audio_match` varchar(250) DEFAULT NULL,
  `escalated_to_zuku_comment` varchar(250) DEFAULT NULL,
  `escalated_to_zuku_time` varchar(250) DEFAULT NULL,
  `closed_comment` varchar(250) DEFAULT NULL,
  `closed_time` varchar(250) DEFAULT NULL,
  `audio_match_by` varchar(250) DEFAULT NULL,
  `quality` varchar(250) DEFAULT NULL,
  `quality_by` varchar(250) DEFAULT NULL,
  `agent_track` date DEFAULT NULL,
  `mail_flag` varchar(5) NOT NULL DEFAULT 'N',
  PRIMARY KEY (`id`),
  KEY `datemail` (`datemail`),
  KEY `escalation` (`escalation`),
  KEY `interviewer` (`interviewer`),
  KEY `cs` (`cs`),
  KEY `reference` (`reference`),
  KEY `lid` (`lid`),
  KEY `agent_track` (`agent_track`),
  KEY `phone` (`phone`),
  KEY `interviewer_3` (`interviewer`),
  KEY `Q5_a` (`Q5_a`),
  KEY `disposition` (`disposition`),
  KEY `disptype` (`disptype`),
  KEY `callbacktime` (`callbacktime`),
  KEY `date` (`date`),
  KEY `agent_track_2` (`agent_track`),
  KEY `mail_flag` (`mail_flag`)
) ENGINE=InnoDB DEFAULT CHARSET=latin1;

INSERT INTO `survey` (`id`, `lid`, `reference`, `stage`, `interviewer`, `cs`, `Q1`, `dialledno`, `Q2`, `Q3`, `Q4`, `q4a`, `q4b`, `Q4_comments`, `Q5_a`, `q5`, `Q5_b`, `Q5_c`, `Q5_d`, `Q5_d_1`, `service_issue_other_reason`, `Q5_d_2`, `content_issue_other_reason`, `Q5_d_3`, `competitor_other_reason`, `Q5_e`, `voc`, `callback`, `method`, `q12`, `email`, `subs`, `name`, `address`, `phone`, `phone1`, `phone2`, `phone3`, `city`, `previous_package`, `previous_package_speed`, `current_package`, `current_package_speed`, `payment_date`, `cycle`, `Discount`, `amount_due`, `amount_in`, `amount_to_pay`, `loyalty_points`, `callbacktime`, `disposition`, `disptype`, `datemail`, `escalation`, `update_time`, `escalated`, `status`, `batch`, `date`, `duplicate_date`, `start_time`, `stop_time`, `last_page`, `redial_times`, `in_progress_comment`, `in_progress_time`, `audio_match`, `escalated_to_zuku_comment`, `escalated_to_zuku_time`, `closed_comment`, `closed_time`, `audio_match_by`, `quality`, `quality_by`, `agent_track`, `mail_flag`) VALUES
(1,	920317,	0,	'0',	'admin',	'1',	'Yes',	' 254788696942',	NULL,	NULL,	'yes',	'',	'',	NULL,	NULL,	'yes_interested',	NULL,	NULL,	NULL,	NULL,	NULL,	NULL,	NULL,	NULL,	NULL,	NULL,	NULL,	'2017-09-23',	'test',	NULL,	'test',	'177668',	'DENNIS OSINDE',	'NNAKINNUA ROAD 9',	'254788696942',	'-',	'-',	'-',	'Nairobi',	'-',	'-',	'J2',	'2',	'9-Sep-17',	'10',	NULL,	'1,299',	'45',	'1,254',	NULL,	' ',	NULL,	NULL,	'2017-09-15',	NULL,	NULL,	NULL,	'Open',	'Batch 1',	'2017-09-15 09:14:44',	NULL,	'',	'2017-09-15 12:14:44',	'end.php',	2,	NULL,	NULL,	NULL,	NULL,	NULL,	NULL,	NULL,	NULL,	NULL,	NULL,	'2017-09-15',	'N'),
(2,	920312,	0,	'0',	'admin',	'1',	'Yes',	' 254787127361',	NULL,	NULL,	NULL,	NULL,	NULL,	NULL,	NULL,	'yes_interested',	NULL,	NULL,	NULL,	NULL,	NULL,	NULL,	NULL,	NULL,	NULL,	NULL,	NULL,	'2017-09-22',	'tomorrow',	NULL,	'wwww',	'259556',	'BHATTACHARJEE SOUMNADIP',	'NIAMEN LANE 2 WAMBCO COURT # BLOCKBD:D09',	'254787127361',	'-',	'-',	'-',	'Nairobi',	'-',	'-',	'J10',	'10',	'9-Sep-17',	'10',	NULL,	'3,499',	'2',	'3,497',	NULL,	' ',	NULL,	NULL,	'2017-09-15',	NULL,	NULL,	NULL,	'Open',	'Batch 1',	'2017-09-15 10:50:56',	NULL,	'',	'2017-09-15 13:50:56',	'end.php',	2,	NULL,	NULL,	NULL,	NULL,	NULL,	NULL,	NULL,	NULL,	NULL,	NULL,	'2017-09-15',	'N'),
(3,	920345,	0,	'0',	'admin',	'2',	NULL,	NULL,	NULL,	NULL,	NULL,	NULL,	NULL,	NULL,	NULL,	NULL,	NULL,	NULL,	NULL,	NULL,	NULL,	NULL,	NULL,	NULL,	NULL,	NULL,	NULL,	NULL,	NULL,	NULL,	NULL,	'87069',	'ANDREN ZAMARAEV',	'KAMBURU DRIVE 2B SANGANI APARTMENTS',	'254796142519',	'-',	'-',	'-',	'Nairobi',	'-',	'-',	'R20',	'30',	'9-Sep-17',	'10',	NULL,	'5,000',	'454',	'4,546',	NULL,	NULL,	'Silent Call',	'ww',	NULL,	NULL,	NULL,	NULL,	'Open',	'Batch 1',	'2017-09-15 10:55:56',	NULL,	'',	'2017-09-15 13:55:56',	NULL,	2,	NULL,	NULL,	NULL,	NULL,	NULL,	NULL,	NULL,	NULL,	NULL,	NULL,	'2017-09-15',	'N'),
(4,	920322,	0,	'0',	'admin',	'1',	'Yes',	' 254789603081',	'No',	NULL,	NULL,	NULL,	NULL,	NULL,	NULL,	NULL,	NULL,	NULL,	NULL,	NULL,	NULL,	NULL,	NULL,	NULL,	NULL,	NULL,	NULL,	NULL,	NULL,	NULL,	NULL,	'232588',	'BARD MOHAMED NASSER',	'SHEIKH ROAD 12B # APT1',	'254789603081',	'-',	'-',	'-',	'Nairobi',	'-',	'-',	'J5',	'5',	'9-Sep-17',	'10',	NULL,	'2,199',	'7',	'2,192',	NULL,	NULL,	'Not interested',	'Not interested',	NULL,	NULL,	NULL,	NULL,	'Open',	'Batch 1',	'2017-09-15 10:56:30',	NULL,	'',	NULL,	NULL,	2,	NULL,	NULL,	NULL,	NULL,	NULL,	NULL,	NULL,	NULL,	NULL,	NULL,	'2017-09-15',	'N'),
(5,	920326,	0,	'0',	'admin',	'1',	'Yes',	' 254790016098',	NULL,	NULL,	NULL,	NULL,	NULL,	NULL,	NULL,	'yes_interested',	NULL,	NULL,	NULL,	NULL,	NULL,	NULL,	NULL,	NULL,	NULL,	NULL,	NULL,	'2017-09-21',	'w',	NULL,	'www',	'237576',	'HENOK KIDANE GHEBREHIWET',	'KIBERA STATION ROAD3 29B # APT4',	'254790016098',	'-',	'-',	'-',	'Nairobi',	'-',	'-',	'J10',	'10',	'9-Sep-17',	'10',	NULL,	'3,499',	'7',	'3,492',	NULL,	' ',	NULL,	NULL,	'2017-09-15',	NULL,	NULL,	NULL,	'Open',	'Batch 1',	'2017-09-15 11:08:09',	NULL,	'',	'2017-09-15 14:08:09',	'end.php',	2,	NULL,	NULL,	NULL,	NULL,	NULL,	NULL,	NULL,	NULL,	NULL,	NULL,	'2017-09-15',	'N');

DROP TABLE IF EXISTS `users`;
CREATE TABLE `users` (
  `int_id` int(11) NOT NULL AUTO_INCREMENT,
  `user` varchar(150) DEFAULT NULL,
  `username` varchar(100) DEFAULT NULL,
  `password` varchar(100) DEFAULT NULL,
  `level` varchar(100) DEFAULT NULL,
  PRIMARY KEY (`int_id`)
) ENGINE=InnoDB DEFAULT CHARSET=latin1;

INSERT INTO `users` (`int_id`, `user`, `username`, `password`, `level`) VALUES
(1,	'Administrator',	'admin',	'welcome@123',	'Admin'),
(2,	'Balaji Padmanabhan',	'balaji.padmanabhan@technobraingroup.com',	'balaji',	'Admin'),
(3,	'Agent Test',	'test',	'test',	'Agent');

-- 2017-09-15 11:09:21
